Country, Product ,Units Sold,Manufacturing Price,Sale Price,Gross Sales,Discounts, Sales,COGS,Profit,Date,Month Name,Year,
Japan, KENSINGTON ,1372,3.00,20,27440,0.00,27440,16185,11255,43466,January,2019,
India, KENSINGTON ,2762,3.00,20,55240,0.00,55240,13210,42030,43466,January,2019,
UK, KENSINGTON ,1464,3.00,15,21960,0.00,21960,21780,180,43617,June,2019,
India, KENSINGTON ,719,3.00,15,10785,,10785,8880,1905,43617,June,2019,
Brazil, KENSINGTON ,3576,3.00,15,53640,0.00,53640,24700,28940,43617,June,2019,
India, KENSINGTON ,4422,3.00,350,1547700,0.00,1547700,393380,1154320,43800,December,2019,
,,,,,,,,,,,,,
India," Royal
 Oak ",3649,5.00,15,54735,0.00,54735,9210,45525,43525,March,2019,
Japan, Royal Oak ,4172,5.00,12,50064,0.00,50064,7554,42510,43617,June,2019,
UK, Royal Oak ,3841,5.00,20,76820,0.00,76820,18990,57830,43617,June,2019,
India," Royal
 Oak ",3726,5.00,12,44712,0.00,44712,4635,40077,43617,June,2019,
,,,,,,,,,,,,,
Brazil, Royal Oak ,2625,5.00,15,39375,0.00,39375,24700,14675,43617,June,2019,
,,,,,,,,,,,,,
Japan," Royal
 Oak ",1958,5.00,125,244750,0.00,244750,319860,-75110,43647,July,2019,
Brazil, Royal Oak ,3271,5.00,300,981300,,981300,239500,741800,43678,August,2019,
India, Royal Oak ,2091,5.00,7,14637,0.00,14637,10730,3907,43709,September,2019,
India, Royal Oak ,2091,5.00,7,14637,0.00,14637,10730,3907,43709,September,2019,
Japan, Royal Oak ,2530,5.00,125,316250,0.00,316250,41400,274850,43374,October,2018,
United States of America, Royal Oak ,2825,5.00,15,42375,0.00,42375,6150,36225,43800,December,2019,
Japan, Vermont ,2513,10.00,20,50260,0.00,50260,2920,47340,43497,February,2019,
Brazil, Vermont ,883,10.00,15,13245,0.00,13245,9740,3505,43497,February,2019,
Japan,      Vermont ,2087,10.00,12,25044,,25044,7554,17490,43617,June,2019,
India,      Vermont ,2563,10.00,350,897050,0.00,897050,261560,635490,43617,June,2019,
,,,,,,,,,,,,,
,,,,,,,,,,,,,
India,   Vermont ,2846,10.00,12,34152,0.00,34152,1101,33051,43647,July,2019,
Brazil, Vermont ,997,10.00,7,6979,0.00,6979,4415,2564,43678,August,2019,
UK,      Vermont ,3421,10.00,15,51315,,51315,5490,45825,43344,September,2018,
Brazil, Vermont ,2291,10.00,300,687300,0.00,687300,197000,490300,43344,September,2018,
Brazil, Vermont ,2290,10.00,15,34350,0.00,34350,24720,9630,43709,September,2019,
,,,,,,,,,,,,,
United States of America, Vermont ,2133,10.00,7,14931,0.00,14931,5715,9216,43739,October,2019,
Japan, Vermont ,3475,10.00,350,1216250,0.00,1216250,448500,767750,43405,November,2018,
United States of America, Vermont ,3686,10.00,12,44232,0.00,44232,2736,41496,43405,November,2018,
Japan, Vermont ,3319,10.00,15,49785,0.00,49785,21520,28265,43435,December,2018,
Japan, Vermont ,3319,10.00,15,49785,0.00,49785,21520,28265,43435,December,2018,
Japan, Vermont ,3617,10.00,20,72340,0.00,72340,18170,54170,43800,December,2019,
India, Vermont ,1266,10.00,350,443100,0.00,443100,393380,49720,43800,December,2019,
Brazil, Burlington ,894,120.00,7,6258,0.00,6258,7465,-1207,43466,January,2019,
UK, Burlington ,2725,120.00,125,340625,0.00,340625,216480,124145,43497,February,2019,
India, Burlington ,3061,120.00,12,36732,0.00,36732,6483,30249,43525,March,2019,
India, Burlington ,3958,120.00,350,1385300,0.00,1385300,261560,1123740,43617,June,2019,
India, Burlington ,3958,120.00,350,1385300,0.00,1385300,261560,1123740,43617,June,2019,
India, Burlington ,3920,120.00,12,47040,0.00,47040,4635,42405,43617,June,2019,
United States of America, Burlington ,3381,120.00,125,422625,0.00,422625,338520,84105,43678,August,2019,
Japan, Burlington ,1094,120.00,125,136750,0.00,136750,41400,95350,43374,October,2018,
Japan, Mandarin ,4307,250.00,300,1292100,0.00,1292100,500250,791850,43497,February,2019,
India, Mandarin ,878,250.00,12,10536,0.00,10536,8514,2022,43556,April,2019,
UK, Mandarin ,496,250.00,15,7440,0.00,7440,21780,-14340,43617,June,2019,
UK, Mandarin ,496,250.00,15,7440,0.00,7440,21780,-14340,43617,June,2019,
India, Mandarin ,3367,250.00,15,50505,0.00,50505,8880,41625,43617,June,2019,
UK, Mandarin ,3880,250.00,350,1358000,0.00,1358000,397020,960980,43344,September,2018,
UK, Mandarin ,2055,250.00,300,616500,0.00,616500,537750,78750,43709,September,2019,
Japan, Mandarin ,4041,250.00,20,80820,0.00,80820,18170,62650,43800,December,2019,
UK, Luxe ,3237,260.00,350,1132950,0.00,1132950,715000,417950,43497,February,2019,
United States of America, Luxe ,630,260.00,12,7560,0.00,7560,5859,1701,43556,April,2019,
India, Luxe ,4210,260.00,125,526250,0.00,526250,506340,19910,43556,April,2019,
UK, Luxe ,1127,260.00,20,22540,0.00,22540,18990,3550,43617,June,2019,
India, Luxe ,3438,260.00,7,24066,0.00,24066,8430,15636,43647,July,2019,
United States of America, Luxe ,2015,260.00,12,24180,0.00,24180,6423,17757,43678,August,2019,
United States of America, Luxe ,2015,260.00,12,24180,0.00,24180,6423,17757,43678,August,2019,
United States of America, Luxe ,2534,260.00,7,17738,0.00,17738,5715,12023,43739,October,2019,
United States of America, Luxe ,1384,260.00,15,20760,0.00,20760,6150,14610,43800,December,2019,
UK, Vermont ,3561,10.00,7,24927,276.15,24650.85,19725,4925.85,43466,January,2019,
UK, Vermont ,1823,10.00,15,27345,344.40,27000.6,22960,4040.6,43497,February,2019,
UK, Vermont ,2795,10.00,7,19565,72.10,19492.9,5150,14342.9,43586,May,2019,
UK, Burlington ,457,120.00,7,3199,44.73,3154.27,3195,-40.73,43770,November,2019,
Japan, Mandarin ,3785,250.00,7,26495,92.82,26402.18,6630,19772.18,43525,March,2019,
United States of America, Kensington ,748,3.00,12,8976,222.96,8753.04,5574,3179.04,43497,February,2019,
Brazil, Kensington ,1021,3.00,350,357350,4235.00,353115,314600,38515,43525,March,2019,
United States of America, Kensington ,2076,3.00,7,14532,177.03,14354.97,12645,1709.97,43647,July,2019,
Japan, Kensington ,4316,3.00,12,51792,173.40,51618.6,4335,47283.6,43709,September,2019,
United States of America, Kensington ,2654,3.00,125,331750,412.50,331337.5,39600,291737.5,43344,September,2018,
UK, Kensington ,4174,3.00,12,50088,320.52,49767.48,8013,41754.48,43709,September,2019,
India, Kensington ,1675,3.00,12,20100,91.92,20008.08,2298,17710.08,43374,October,2018,
Brazil, Kensington ,1572,3.00,300,471600,1482.00,470118,123500,346618,43374,October,2018,
Brazil, Kensington ,3736,3.00,350,1307600,4889.50,1302710.5,363220,939490.5,43739,October,2019,
UK, Kensington ,1914,3.00,350,669900,7542.50,662357.5,560300,102057.5,43800,December,2019,
Brazil, Royal Oak ,2742,5.00,15,41130,332.10,40797.9,22140,18657.9,43525,March,2019,
United States of America, Royal Oak ,1499,5.00,300,449700,6903.00,442797,575250,-132453,43556,April,2019,
UK, Royal Oak ,3772,5.00,20,75440,275.10,75164.9,13755,61409.9,43647,July,2019,
Japan, Royal Oak ,1112,5.00,7,7784,128.10,7655.9,9150,-1494.1,43678,August,2019,
United States of America, Royal Oak ,1723,5.00,300,516900,7494.00,509406,624500,-115094,43344,September,2018,
United States of America, Royal Oak ,423,5.00,125,52875,828.75,52046.25,79560,-27513.75,43374,October,2018,
United States of America, Vermont ,2368,10.00,15,35520,227.10,35292.9,15140,20152.9,43497,February,2019,
United States of America, Vermont ,1586,10.00,7,11102,314.48,10787.525,22462.5,-11674.975,43556,April,2019,
United States of America, Vermont ,3386,10.00,125,423250,908.75,422341.25,87240,335101.25,43617,June,2019,
UK, Vermont ,852,10.00,125,106500,983.75,105516.25,94440,11076.25,43617,June,2019,
Brazil, Vermont ,2783,10.00,125,347875,2278.75,345596.25,218760,126836.25,43647,July,2019,
India, Vermont ,2684,10.00,15,40260,112.05,40147.95,7470,32677.95,43709,September,2019,
India, Vermont ,4393,10.00,12,52716,91.92,52624.08,2298,50326.08,43374,October,2018,
United States of America, Vermont ,4083,10.00,300,1224900,8715.00,1216185,726250,489935,43770,November,2019,
UK, Vermont ,2816,10.00,350,985600,7542.50,978057.5,560300,417757.5,43800,December,2019,
UK, Burlington ,4294,120.00,20,85880,772.80,85107.2,38640,46467.2,43556,April,2019,
Brazil, Burlington ,2856,120.00,7,19992,25.34,19966.66,1810,18156.66,43586,May,2019,
Japan, Burlington ,1407,120.00,125,175875,1153.75,174721.25,110760,63961.25,43678,August,2019,
United States of America, Burlington ,3850,120.00,125,481250,828.75,480421.25,79560,400861.25,43374,October,2018,
Japan, Burlington ,2856,120.00,7,19992,146.44,19845.56,10460,9385.56,43405,November,2018,
India, Mandarin ,1265,250.00,7,8855,18.41,8836.59,1315,7521.59,43525,March,2019,
Japan, Mandarin ,3892,250.00,350,1362200,3302.25,1358897.75,245310,1113587.75,43556,April,2019,
United States of America, Mandarin ,3068,250.00,125,383500,908.75,382591.25,87240,295351.25,43617,June,2019,
UK, Mandarin ,2181,250.00,125,272625,983.75,271641.25,94440,177201.25,43617,June,2019,
India, Mandarin ,1356,250.00,300,406800,2958.00,403842,246500,157342,43709,September,2019,
Brazil, Mandarin ,2545,250.00,300,763500,1482.00,762018,123500,638518,43374,October,2018,
Brazil, Mandarin ,1814,250.00,350,634900,4889.50,630010.5,363220,266790.5,43739,October,2019,
UK, Mandarin ,1495,250.00,125,186875,2180.00,184695,209280,-24585,43770,November,2019,
United States of America, Luxe ,1154,260.00,12,13848,238.68,13609.32,5967,7642.32,43344,September,2018,
UK, Luxe ,4180,260.00,15,62700,48.15,62651.85,3210,59441.85,43405,November,2018,
Japan, Kensington ,1463,3.00,125,182875,1856.25,181018.75,89100,91918.75,43556,April,2019,
Japan, Kensington ,215,3.00,12,2580,310.80,2269.2,3885,-1615.8,43739,October,2019,
India, Kensington ,4099,3.00,300,1229700,1284.00,1228416,53500,1174916,43374,October,2018,
UK, Kensington ,2660,3.00,7,18620,300.30,18319.7,10725,7594.7,43405,November,2018,
Japan, Kensington ,566,3.00,350,198100,19964.00,178136,741520,-563384,43800,December,2019,
United States of America, Royal Oak ,3255,5.00,12,39060,274.08,38785.92,3426,35359.92,43617,June,2019,
United States of America, Royal Oak ,772,5.00,20,15440,626.40,14813.6,15660,-846.4,43739,October,2019,
Brazil, Royal Oak ,1135,5.00,12,13620,165.60,13454.4,2070,11384.4,43770,November,2019,
Brazil, Royal Oak ,3826,5.00,125,478250,4150.00,474100,199200,274900,43405,November,2018,
Japan, Vermont ,1193,10.00,15,17895,708.90,17186.1,23630,-6443.9,43497,February,2019,
UK, Vermont ,2530,10.00,300,759000,5508.00,753492,229500,523992,43586,May,2019,
India, Vermont ,3451,10.00,300,1035300,10368.00,1024932,432000,592932,43586,May,2019,
United States of America, Vermont ,3059,10.00,12,36708,274.08,36433.92,3426,33007.92,43617,June,2019,
Brazil, Vermont ,3957,10.00,125,494625,1655.00,492970,79440,413530,43617,June,2019,
Japan, Vermont ,3444,10.00,12,41328,310.80,41017.2,3885,37132.2,43739,October,2019,
India, Vermont ,4388,10.00,125,548500,2022.50,546477.5,97080,449397.5,43374,October,2018,
Brazil, Vermont ,2106,10.00,125,263250,5362.50,257887.5,257400,487.5,43374,October,2018,
UK, Vermont ,799,10.00,12,9588,428.40,9159.6,5355,3804.6,43405,November,2018,
Japan, Vermont ,3154,10.00,300,946200,11496.00,934704,479000,455704,43800,December,2019,
Japan, Vermont ,4108,10.00,350,1437800,19964.00,1417836,741520,676316,43800,December,2019,
Japan, Vermont ,3760,10.00,125,470000,6822.50,463177.5,327480,135697.5,43800,December,2019,
United States of America, Vermont ,377,10.00,15,5655,577.50,5077.5,19250,-14172.5,43435,December,2018,
United States of America, Vermont ,2110,10.00,7,14770,281.82,14488.18,10065,4423.18,43435,December,2018,
UK, Vermont ,2334,10.00,12,28008,253.20,27754.8,3165,24589.8,43800,December,2019,
Brazil, Vermont ,580,10.00,12,6960,260.16,6699.84,3252,3447.84,43800,December,2019,
United States of America, Burlington ,2610,120.00,20,52200,626.40,51573.6,15660,35913.6,43739,October,2019,
India, Burlington ,1598,120.00,350,559300,20762.00,538538,771160,-232622,43374,October,2018,
India, Burlington ,1459,120.00,350,510650,20139.00,490511,748020,-257509,43739,October,2019,
India, Burlington ,3284,120.00,125,410500,2022.50,408477.5,97080,311397.5,43374,October,2018,
Brazil, Burlington ,1197,120.00,125,149625,5362.50,144262.5,257400,-113137.5,43374,October,2018,
UK, Burlington ,3774,120.00,12,45288,253.20,45034.8,3165,41869.8,43800,December,2019,
Brazil, Burlington ,2303,120.00,20,46060,217.60,45842.4,5440,40402.4,43435,December,2018,
Brazil, Burlington ,2572,120.00,12,30864,260.16,30603.84,3252,27351.84,43800,December,2019,
Brazil, Mandarin ,320,250.00,125,40000,1655.00,38345,79440,-41095,43617,June,2019,
India, Mandarin ,2126,250.00,300,637800,1284.00,636516,53500,583016,43374,October,2018,
India, Mandarin ,3275,250.00,350,1146250,20139.00,1126111,748020,378091,43739,October,2019,
Japan, Mandarin ,3582,250.00,125,447750,6822.50,440927.5,327480,113447.5,43800,December,2019,
United States of America, Mandarin ,783,250.00,350,274050,1862.00,272188,69160,203028,43435,December,2018,
Brazil, Mandarin ,1202,250.00,350,420700,13580.00,407120,504400,-97280,43435,December,2018,
India, Luxe ,4056,260.00,300,1216800,1554.00,1215246,64750,1150496,43525,March,2019,
Brazil, Luxe ,2144,260.00,300,643200,6606.00,636594,275250,361344,43525,March,2019,
India, Luxe ,3502,260.00,125,437750,5690.00,432060,273120,158940,43586,May,2019,
India, Luxe ,1397,260.00,350,488950,20762.00,468188,771160,-302972,43374,October,2018,
United States of America, Luxe ,679,260.00,20,13580,494.40,13085.6,12360,725.6,43770,November,2019,
UK, Luxe ,2351,260.00,20,47020,376.40,46643.6,9410,37233.6,43770,November,2019,
Japan, Luxe ,2043,260.00,300,612900,11496.00,601404,479000,122404,43800,December,2019,
UK, Kensington ,3565,3.00,125,445625,15913.13,429711.875,509220,-79508.125,43556,April,2019,
India, Kensington ,1401,3.00,20,28020,1548.00,26472,25800,672,43556,April,2019,
India, Kensington ,2077,3.00,300,623100,6201.00,616899,172250,444649,43617,June,2019,
United States of America, Kensington ,3643,3.00,12,43716,700.92,43015.08,5841,37174.08,43709,September,2019,
Japan, Kensington ,1105,3.00,12,13260,326.88,12933.12,2724,10209.12,43435,December,2018,
India, Royal Oak ,2960,5.00,7,20720,411.18,20308.82,9790,10518.82,43497,February,2019,
UK, Royal Oak ,1201,5.00,12,14412,684.36,13727.64,5703,8024.64,43617,June,2019,
UK, Royal Oak ,2321,5.00,7,16247,114.24,16132.76,2720,13412.76,43709,September,2019,
India, Royal Oak ,3640,5.00,350,1274000,18868.50,1255131.5,467220,787911.5,43344,September,2018,
UK, Royal Oak ,3972,5.00,125,496500,4826.25,491673.75,154440,337233.75,43800,December,2019,
India, Royal Oak ,3878,5.00,125,484750,6397.50,478352.5,204720,273632.5,43800,December,2019,
UK, Vermont ,2278,10.00,300,683400,21910.50,661489.5,608625,52864.5,43466,January,2019,
Japan, Vermont ,1075,10.00,125,134375,6652.50,127722.5,212880,-85157.5,43525,March,2019,
UK, Vermont ,4050,10.00,12,48600,684.36,47915.64,5703,42212.64,43617,June,2019,
India, Vermont ,3035,10.00,300,910500,6201.00,904299,172250,732049,43617,June,2019,
India, Vermont ,3636,10.00,125,454500,5887.50,448612.5,188400,260212.5,43617,June,2019,
United States of America, Vermont ,1379,10.00,12,16548,493.02,16054.98,4108.5,11946.48,43647,July,2019,
Japan, Vermont ,4492,10.00,125,561500,7533.75,553966.25,241080,312886.25,43739,October,2019,
India, Vermont ,764,10.00,15,11460,875.25,10584.75,19450,-8865.25,43374,October,2018,
UK, Vermont ,1744,10.00,125,218000,4826.25,213173.75,154440,58733.75,43800,December,2019,
India, Vermont ,2341,10.00,125,292625,6397.50,286227.5,204720,81507.5,43800,December,2019,
Japan, Burlington ,3835,120.00,125,479375,7533.75,471841.25,241080,230761.25,43739,October,2019,
United States of America, Mandarin ,1161,250.00,300,348300,25596.00,322704,711000,-388296,43497,February,2019,
Brazil, Mandarin ,876,250.00,12,10512,689.76,9822.24,5748,4074.24,43556,April,2019,
India, Mandarin ,1705,250.00,125,213125,5887.50,207237.5,188400,18837.5,43617,June,2019,
Japan, Mandarin ,1805,250.00,300,541500,16866.00,524634,468500,56134,43678,August,2019,
Brazil, Mandarin ,389,250.00,350,136150,17241.00,118909,426920,-308011,43678,August,2019,
India, Mandarin ,2745,250.00,15,41175,875.25,40299.75,19450,20849.75,43374,October,2018,
Japan, Kensington ,1459,3.00,20,29180,498.60,28681.4,8310,20371.4,43586,May,2019,
Brazil, Vermont ,3938,10.00,7,27566,369.60,27196.4,8800,18396.4,43344,September,2018,
Japan, Burlington ,4236,120.00,20,84720,2310.30,82409.7,38505,43904.7,43556,April,2019,
India, Mandarin ,3627,250.00,12,43524,892.44,42631.56,7437,35194.56,43466,January,2019,
Brazil, Royal Oak ,1756,5.00,15,26340,1218.60,25121.4,20310,4811.4,43739,October,2019,
Brazil, Vermont ,307,10.00,15,4605,1218.60,3386.4,20310,-16923.6,43739,October,2019,
UK, Vermont ,4489,10.00,15,67335,1356.60,65978.4,22610,43368.4,43435,December,2018,
United States of America, Burlington ,2167,120.00,20,43340,588.80,42751.2,7360,35391.2,43344,September,2018,
Japan, Kensington ,1137,3.00,7,7959,798.28,7160.72,14255,-7094.28,43374,October,2018,
India, Kensington ,1222,3.00,300,366600,24252.00,342348,505250,-162902,43739,October,2019,
United States of America, Kensington ,489,3.00,350,171150,3836.00,167314,71240,96074,43800,December,2019,
Japan, Royal Oak ,4133,5.00,15,61995,1180.20,60814.8,19670,41144.8,43525,March,2019,
India, Royal Oak ,2743,5.00,300,822900,22308.00,800592,464750,335842,43678,August,2019,
Japan, Royal Oak ,3699,5.00,7,25893,798.28,25094.72,14255,10839.72,43374,October,2018,
India, Royal Oak ,4460,5.00,300,1338000,24252.00,1313748,505250,808498,43739,October,2019,
Brazil, Royal Oak ,1232,5.00,125,154000,5690.00,148310,136560,11750,43800,December,2019,
Japan, Vermont ,2586,10.00,7,18102,1190.28,16911.72,21255,-4343.28,43466,January,2019,
India, Vermont ,1332,10.00,125,166500,3975.00,162525,95400,67125,43525,March,2019,
India, Vermont ,4487,10.00,300,1346100,16974.00,1329126,353625,975501,43556,April,2019,
United States of America, Vermont ,3862,10.00,300,1158600,35016.00,1123584,729500,394084,43586,May,2019,
United States of America, Vermont ,1765,10.00,350,617750,48300.00,569450,897000,-327550,43647,July,2019,
UK, Vermont ,3533,10.00,125,441625,14940.00,426685,358560,68125,43647,July,2019,
Japan, Vermont ,2016,10.00,15,30240,130.80,30109.2,2180,27929.2,43709,September,2019,
Japan, Vermont ,2938,10.00,20,58760,1659.20,57100.8,20740,36360.8,43709,September,2019,
United States of America, Vermont ,3352,10.00,20,67040,844.80,66195.2,10560,55635.2,43709,September,2019,
United States of America, Vermont ,4409,10.00,15,66135,402.60,65732.4,6710,59022.4,43374,October,2018,
Brazil, Vermont ,3323,10.00,15,49845,908.40,48936.6,15140,33796.6,43374,October,2018,
United States of America, Vermont ,2430,10.00,350,850500,3836.00,846664,71240,775424,43800,December,2019,
Brazil, Vermont ,535,10.00,125,66875,5690.00,61185,136560,-75375,43800,December,2019,
United States of America, Burlington ,1523,120.00,12,18276,703.20,17572.8,4395,13177.8,43525,March,2019,
Japan, Burlington ,3631,120.00,20,72620,2116.80,70503.2,26460,44043.2,43344,September,2018,
UK, Burlington ,1782,120.00,350,623700,30478.00,593222,566020,27202,43739,October,2019,
UK, Mandarin ,347,250.00,12,4164,415.68,3748.32,2598,1150.32,43586,May,2019,
United States of America, Mandarin ,4147,250.00,350,1451450,4886.00,1446564,90740,1355824,43344,September,2018,
UK, Mandarin ,3509,250.00,350,1228150,30478.00,1197672,566020,631652,43739,October,2019,
Brazil, Mandarin ,2774,250.00,15,41610,908.40,40701.6,15140,25561.6,43374,October,2018,
Brazil, Luxe ,2943,260.00,350,1030050,26110.00,1003940,484900,519040,43497,February,2019,
Brazil, Luxe ,4037,260.00,125,504625,5370.00,499255,128880,370375,43556,April,2019,
India, Luxe ,4146,260.00,350,1451100,26698.00,1424402,495820,928582,43709,September,2019,
United States of America, Luxe ,4123,260.00,15,61845,402.60,61442.4,6710,54732.4,43374,October,2018,
Japan, Luxe ,1337,260.00,350,467950,24892.00,443058,462280,-19222,43435,December,2018,
India, Royal Oak ,599,5.00,7,4193,405.65,3787.35,5795,-2007.65,43374,October,2018,
India, Vermont ,725,10.00,7,5075,480.20,4594.8,6860,-2265.2,43466,January,2019,
Japan, Vermont ,477,10.00,7,3339,822.15,2516.85,11745,-9228.15,43344,September,2018,
Brazil, Vermont ,2325,10.00,7,16275,941.15,15333.85,13445,1888.85,43739,October,2019,
Japan, Vermont ,675,10.00,12,8100,1458.60,6641.4,7293,-651.6,43800,December,2019,
Japan, Burlington ,2990,120.00,12,35880,1458.60,34421.4,7293,27128.4,43800,December,2019,
Brazil, Mandarin ,1072,250.00,7,7504,941.15,6562.85,13445,-6882.15,43739,October,2019,
Brazil, Luxe ,1048,260.00,7,7336,589.05,6746.95,8415,-1668.05,43647,July,2019,
Brazil, Luxe ,469,260.00,12,5628,673.80,4954.2,3369,1585.2,43678,August,2019,
India, Luxe ,804,260.00,7,5628,405.65,5222.35,5795,-572.65,43374,October,2018,
UK, Kensington ,4240,3.00,12,50880,1119.00,49761,5595,44166,43497,February,2019,
India, Kensington ,1976,3.00,12,23712,669.60,23042.4,3348,19694.4,43497,February,2019,
UK, Kensington ,1984,3.00,20,39680,1563.00,38117,15630,22487,43586,May,2019,
United States of America, Kensington ,480,3.00,300,144000,14865.00,129135,247750,-118615,43617,June,2019,
India, Kensington ,3551,3.00,7,24857,355.60,24501.4,5080,19421.4,43405,November,2018,
Brazil, Kensington ,1205,3.00,15,18075,2093.25,15981.75,27910,-11928.25,43770,November,2019,
United States of America, Kensington ,2480,3.00,7,17360,199.50,17160.5,2850,14310.5,43800,December,2019,
UK, Kensington ,2926,3.00,7,20482,870.45,19611.55,12435,7176.55,43800,December,2019,
UK, Royal Oak ,3210,5.00,350,1123500,24228.75,1099271.25,359970,739301.25,43466,January,2019,
United States of America, Royal Oak ,3221,5.00,125,402625,22668.75,379956.25,435240,-55283.75,43647,July,2019,
Brazil, Royal Oak ,2389,5.00,350,836150,12600.00,823550,187200,636350,43344,September,2018,
India, Royal Oak ,1127,5.00,12,13524,1405.20,12118.8,7026,5092.8,43770,November,2019,
Brazil, Royal Oak ,319,5.00,300,95700,16500.00,79200,275000,-195800,43435,December,2018,
UK, Vermont ,1610,10.00,20,32200,1303.00,30897,13030,17867,43497,February,2019,
United States of America, Vermont ,4100,10.00,125,512500,18700.00,493800,359040,134760,43525,March,2019,
UK, Vermont ,1012,10.00,125,126500,14906.25,111593.75,286200,-174606.25,43525,March,2019,
Brazil, Vermont ,3337,10.00,300,1001100,24105.00,976995,401750,575245,43556,April,2019,
United States of America, Vermont ,3955,10.00,7,27685,814.45,26870.55,11635,15235.55,43586,May,2019,
United States of America, Vermont ,4347,10.00,300,1304100,14865.00,1289235,247750,1041485,43617,June,2019,
United States of America, Vermont ,1548,10.00,350,541800,10535.00,531265,156520,374745,43617,June,2019,
UK, Vermont ,2153,10.00,15,32295,1965.00,30330,26200,4130,43709,September,2019,
Japan, Vermont ,3789,10.00,350,1326150,21490.00,1304660,319280,985380,43374,October,2018,
Japan, Vermont ,4364,10.00,20,87280,1389.00,85891,13890,72001,43374,October,2018,
United States of America, Vermont ,4126,10.00,125,515750,5381.25,510368.75,103320,407048.75,43739,October,2019,
UK, Vermont ,1343,10.00,125,167875,4400.00,163475,84480,78995,43374,October,2018,
Japan, Vermont ,245,10.00,20,4900,1802.00,3098,18020,-14922,43435,December,2018,
United States of America, Vermont ,3376,10.00,20,67520,2663.00,64857,26630,38227,43800,December,2019,
UK, Vermont ,1401,10.00,7,9807,747.60,9059.4,10680,-1620.6,43435,December,2018,
India, Vermont ,3483,10.00,15,52245,1587.00,50658,21160,29498,43435,December,2018,
United States of America, Burlington ,2244,120.00,15,33660,416.25,33243.75,5550,27693.75,43466,January,2019,
Brazil, Burlington ,1360,120.00,15,20400,2145.75,18254.25,28610,-10355.75,43466,January,2019,
India, Burlington ,279,120.00,125,34875,5043.75,29831.25,96840,-67008.75,43497,February,2019,
United States of America, Burlington ,2521,120.00,350,882350,10535.00,871815,156520,715295,43617,June,2019,
United States of America, Burlington ,2433,120.00,20,48660,2832.00,45828,28320,17508,43678,August,2019,
UK, Burlington ,1738,120.00,20,34760,1579.00,33181,15790,17391,43678,August,2019,
United States of America, Burlington ,1106,120.00,125,138250,5381.25,132868.75,103320,29548.75,43739,October,2019,
UK, Burlington ,3379,120.00,125,422375,4400.00,417975,84480,333495,43374,October,2018,
UK, Burlington ,1221,120.00,20,24420,1033.00,23387,10330,13057,43435,December,2018,
India, Burlington ,213,120.00,300,63900,18750.00,45150,312500,-267350,43800,December,2019,
Japan, Mandarin ,3335,250.00,20,66700,1389.00,65311,13890,51421,43374,October,2018,
United States of America, Mandarin ,1260,250.00,20,25200,1265.00,23935,12650,11285,43405,November,2018,
India, Mandarin ,3034,250.00,20,60680,2297.00,58383,22970,35413,43405,November,2018,
United States of America, Mandarin ,2929,250.00,20,58580,2663.00,55917,26630,29287,43800,December,2019,
United States of America, Mandarin ,2389,250.00,7,16723,199.50,16523.5,2850,13673.5,43800,December,2019,
UK, Mandarin ,3086,250.00,7,21602,870.45,20731.55,12435,8296.55,43800,December,2019,
India, Luxe ,745,260.00,350,260750,23625.00,237125,351000,-113875,43497,February,2019,
Japan, Luxe ,1266,260.00,350,443100,9660.00,433440,143520,289920,43678,August,2019,
Japan, Luxe ,3790,260.00,350,1326500,21490.00,1305010,319280,985730,43374,October,2018,
India, Luxe ,4287,260.00,300,1286100,18750.00,1267350,312500,954850,43800,December,2019,
UK, Vermont ,3193,10.00,15,47895,3420.90,44474.1,38010,6464.1,43556,April,2019,
United States of America, Kensington ,1967,3.00,20,39340,1341.00,37999,11175,26824,43466,January,2019,
Japan, Kensington ,631,3.00,15,9465,2559.60,6905.4,28440,-21534.6,43617,June,2019,
Brazil, Kensington ,3469,3.00,12,41628,404.64,41223.36,1686,39537.36,43709,September,2019,
Japan, Kensington ,570,3.00,12,6840,1655.28,5184.72,6897,-1712.28,43374,October,2018,
United States of America, Kensington ,3215,3.00,15,48225,1827.00,46398,20300,26098,43770,November,2019,
United States of America, Kensington ,3754,3.00,7,26278,110.46,26167.54,1315,24852.54,43405,November,2018,
India, Kensington ,2187,3.00,125,273375,6652.50,266722.5,106440,160282.5,43435,December,2018,
Brazil, Royal Oak ,1959,5.00,350,685650,20580.00,665070,254800,410270,43556,April,2019,
India, Royal Oak ,2181,5.00,350,763350,30660.00,732690,379600,353090,43586,May,2019,
UK, Royal Oak ,3559,5.00,7,24913,589.26,24323.74,7015,17308.74,43374,October,2018,
United States of America, Royal Oak ,2205,5.00,12,26460,1960.56,24499.44,8169,16330.44,43770,November,2019,
UK, Vermont ,1890,10.00,350,661500,31416.00,630084,388960,241124,43617,June,2019,
Japan, Vermont ,1296,10.00,12,15552,1655.28,13896.72,6897,6999.72,43374,October,2018,
United States of America, Vermont ,775,10.00,350,271250,15267.00,255983,189020,66963,43374,October,2018,
Japan, Burlington ,2417,120.00,125,302125,7140.00,294985,114240,180745,43497,February,2019,
United States of America, Burlington ,1158,120.00,125,144750,20662.50,124087.5,330600,-206512.5,43497,February,2019,
India, Burlington ,803,120.00,15,12045,1377.00,10668,15300,-4632,43586,May,2019,
UK, Burlington ,3705,120.00,350,1296750,31416.00,1265334,388960,876374,43617,June,2019,
Brazil, Burlington ,589,120.00,7,4123,629.16,3493.84,7490,-3996.16,43617,June,2019,
UK, Burlington ,3797,120.00,300,1139100,21978.00,1117122,305250,811872,43374,October,2018,
UK, Burlington ,1321,120.00,350,462350,43596.00,418754,539760,-121006,43374,October,2018,
Japan, Mandarin ,3999,250.00,15,59985,2559.60,57425.4,28440,28985.4,43617,June,2019,
Brazil, Mandarin ,4256,250.00,7,29792,629.16,29162.84,7490,21672.84,43617,June,2019,
UK, Mandarin ,1643,250.00,300,492900,21978.00,470922,305250,165672,43374,October,2018,
Brazil, Mandarin ,1912,250.00,20,38240,1347.60,36892.4,11230,25662.4,43405,November,2018,
Japan, Mandarin ,1610,250.00,300,483000,43848.00,439152,609000,-169848,43435,December,2018,
UK, Luxe ,2160,260.00,125,270000,14906.25,255093.75,238500,16593.75,43466,January,2019,
Brazil, Luxe ,466,260.00,350,163100,35259.00,127841,436540,-308699,43709,September,2019,
United States of America, Luxe ,328,260.00,350,114800,15267.00,99533,189020,-89487,43374,October,2018,
UK, Luxe ,4099,260.00,7,28693,589.26,28103.74,7015,21088.74,43374,October,2018,
UK, Luxe ,990,260.00,350,346500,43596.00,302904,539760,-236856,43374,October,2018,
UK, Royal Oak ,1433,5.00,20,28660,2108.40,26551.6,17570,8981.6,43374,October,2018,
United States of America, Vermont ,1478,10.00,15,22170,1978.20,20191.8,21980,-1788.2,43678,August,2019,
India, Vermont ,3798,10.00,15,56970,1568.70,55401.3,17430,37971.3,43678,August,2019,
United States of America, Vermont ,447,10.00,15,6705,1037.70,5667.3,11530,-5862.7,43739,October,2019,
UK, Vermont ,1711,10.00,20,34220,2108.40,32111.6,17570,14541.6,43374,October,2018,
India, Burlington ,745,120.00,20,14900,1201.20,13698.8,10010,3688.8,43678,August,2019,
Brazil, Burlington ,1732,120.00,7,12124,559.86,11564.14,6665,4899.14,43770,November,2019,
United States of America, Mandarin ,1759,250.00,15,26385,1037.70,25347.3,11530,13817.3,43739,October,2019,
Brazil, Kensington ,338,3.00,12,4056,610.68,3445.32,2181,1264.32,43497,February,2019,
Japan, Kensington ,3911,3.00,12,46932,1582.56,45349.44,5652,39697.44,43678,August,2019,
Brazil, Kensington ,3691,3.00,20,73820,2567.60,71252.4,18340,52912.4,43344,September,2018,
Brazil, Royal Oak ,4473,5.00,12,53676,1965.60,51710.4,7020,44690.4,43466,January,2019,
UK, Royal Oak ,383,5.00,12,4596,1967.28,2628.72,7026,-4397.28,43770,November,2019,
UK, Vermont ,3105,10.00,7,21735,505.19,21229.81,5155,16074.81,43344,September,2018,
Japan, Burlington ,1062,120.00,15,15930,1325.10,14604.9,12620,1984.9,43586,May,2019,
Japan, Burlington ,4083,120.00,7,28581,556.15,28024.85,5675,22349.85,43617,June,2019,
United States of America, Burlington ,3974,120.00,7,27818,268.03,27549.97,2735,24814.97,43770,November,2019,
Japan, Burlington ,3723,120.00,7,26061,775.18,25285.82,7910,17375.82,43800,December,2019,
UK, Mandarin ,2435,250.00,12,29220,1460.34,27759.66,5215.5,22544.16,43556,April,2019,
India, Mandarin ,1678,250.00,12,20136,1860.60,18275.4,6645,11630.4,43344,September,2018,
Japan, Mandarin ,1763,250.00,7,12341,775.18,11565.82,7910,3655.82,43800,December,2019,
Japan, Luxe ,4473,260.00,7,31311,556.15,30754.85,5675,25079.85,43617,June,2019,
United States of America, Kensington ,1246,3.00,350,436100,43144.50,392955.5,457860,-64904.5,43525,March,2019,
UK, Kensington ,1615,3.00,300,484500,9408.00,475092,112000,363092,43617,June,2019,
UK, Kensington ,749,3.00,300,224700,45801.00,178899,545250,-366351,43739,October,2019,
UK, Royal Oak ,1318,5.00,20,26360,2766.40,23593.6,19760,3833.6,43739,October,2019,
UK, Royal Oak ,2882,5.00,300,864600,45801.00,818799,545250,273549,43739,October,2019,
India, Royal Oak ,3039,5.00,125,379875,21875.00,358000,300000,58000,43405,November,2018,
Japan, Vermont ,2484,10.00,300,745200,35742.00,709458,425500,283958,43586,May,2019,
UK, Vermont ,3169,10.00,300,950700,9408.00,941292,112000,829292,43617,June,2019,
India, Vermont ,4080,10.00,125,510000,30738.75,479261.25,421560,57701.25,43647,July,2019,
UK, Vermont ,3943,10.00,15,59145,2206.05,56938.95,21010,35928.95,43678,August,2019,
United States of America, Vermont ,784,10.00,15,11760,3077.55,8682.45,29310,-20627.55,43344,September,2018,
UK, Vermont ,253,10.00,20,5060,2149.00,2911,15350,-12439,43709,September,2019,
India, Vermont ,1316,10.00,300,394800,23583.00,371217,280750,90467,43344,September,2018,
Japan, Vermont ,808,10.00,300,242400,29484.00,212916,351000,-138084,43405,November,2018,
Brazil, Vermont ,3295,10.00,12,39540,2320.92,37219.08,8289,28930.08,43405,November,2018,
India, Vermont ,520,10.00,7,3640,1041.25,2598.75,10625,-8026.25,43435,December,2018,
UK, Burlington ,799,120.00,300,239700,34839.00,204861,414750,-209889,43647,July,2019,
Brazil, Burlington ,3942,120.00,20,78840,852.60,77987.4,6090,71897.4,43678,August,2019,
India, Burlington ,2498,120.00,125,312250,18261.25,293988.75,250440,43548.75,43709,September,2019,
UK, Burlington ,2517,120.00,20,50340,2766.40,47573.6,19760,27813.6,43739,October,2019,
United States of America, Burlington ,3182,120.00,20,63640,1989.40,61650.6,14210,47440.6,43435,December,2018,
United States of America, Burlington ,1145,120.00,300,343500,28812.00,314688,343000,-28312,43800,December,2019,
India, Burlington ,895,120.00,20,17900,823.20,17076.8,5880,11196.8,43435,December,2018,
Japan, Mandarin ,3814,250.00,12,45768,2725.38,43042.62,9733.5,33309.12,43466,January,2019,
UK, Mandarin ,1188,250.00,300,356400,20139.00,336261,239750,96511,43497,February,2019,
Brazil, Mandarin ,2233,250.00,300,669900,57687.00,612213,686750,-74537,43497,February,2019,
Japan, Luxe ,421,260.00,125,52625,14393.75,38231.25,197400,-159168.75,43586,May,2019,
UK, Luxe ,269,260.00,350,94150,70462.00,23688,747760,-724072,43709,September,2019,
India, Luxe ,3766,260.00,125,470750,8697.50,462052.5,119280,342772.5,43344,September,2018,
Japan, Luxe ,952,260.00,20,19040,1565.20,17474.8,11180,6294.8,43770,November,2019,
United States of America, Luxe ,2964,260.00,300,889200,28812.00,860388,343000,517388,43800,December,2019,
Japan, Royal Oak ,1505,5.00,7,10535,273.28,10261.72,2440,7821.72,43497,February,2019,
United States of America, Royal Oak ,1678,5.00,20,33560,2051.20,31508.8,12820,18688.8,43617,June,2019,
Japan, Vermont ,4249,10.00,7,29743,143.92,29599.08,1285,28314.08,43586,May,2019,
United States of America, Luxe ,1677,260.00,20,33540,2051.20,31488.8,12820,18668.8,43617,June,2019,
Brazil, Kensington ,3051,3.00,125,381375,15400.00,365975,184800,181175,43678,August,2019,
UK, Kensington ,3372,3.00,15,50580,588.00,49992,4900,45092,43770,November,2019,
Brazil, Kensington ,1686,3.00,350,590100,38136.00,551964,354120,197844,43800,December,2019,
UK, Royal Oak ,3086,5.00,15,46290,3001.20,43288.8,25010,18278.8,43525,March,2019,
Japan, Royal Oak ,4150,5.00,20,83000,1132.80,81867.2,7080,74787.2,43617,June,2019,
India, Royal Oak ,3027,5.00,20,60540,1032.00,59508,6450,53058,43647,July,2019,
UK, Royal Oak ,4359,5.00,300,1307700,37488.00,1270212,390500,879712,43678,August,2019,
Japan, Royal Oak ,3628,5.00,300,1088400,30792.00,1057608,320750,736858,43344,September,2018,
India, Royal Oak ,1589,5.00,15,23835,853.20,22981.8,7110,15871.8,43800,December,2019,
Brazil, Vermont ,2679,10.00,125,334875,11140.00,323735,133680,190055,43525,March,2019,
India, Vermont ,3401,10.00,7,23807,705.04,23101.96,6295,16806.96,43556,April,2019,
India, Vermont ,2815,10.00,7,19705,613.20,19091.8,5475,13616.8,43586,May,2019,
India, Vermont ,2964,10.00,20,59280,2185.60,57094.4,13660,43434.4,43617,June,2019,
Brazil, Vermont ,4173,10.00,300,1251900,59040.00,1192860,615000,577860,43617,June,2019,
United States of America, Vermont ,1157,10.00,7,8099,379.68,7719.32,3390,4329.32,43678,August,2019,
India, Vermont ,3065,10.00,7,21455,894.88,20560.12,7990,12570.12,43678,August,2019,
India, Vermont ,1962,10.00,7,13734,1349.04,12384.96,12045,339.96,43344,September,2018,
India, Vermont ,4080,10.00,20,81600,3094.40,78505.6,19340,59165.6,43709,September,2019,
Brazil, Vermont ,1713,10.00,20,34260,4788.80,29471.2,29930,-458.8,43709,September,2019,
India, Vermont ,2795,10.00,350,978250,60088.00,918162,557960,360202,43405,November,2018,
Brazil, Vermont ,4082,10.00,7,28574,1089.76,27484.24,9730,17754.24,43435,December,2018,
Brazil, Vermont ,1691,10.00,350,591850,38136.00,553714,354120,199594,43800,December,2019,
Japan, Burlington ,2305,120.00,12,27660,574.08,27085.92,1794,25291.92,43525,March,2019,
United States of America, Burlington ,3401,120.00,7,23807,1627.92,22179.08,14535,7644.08,43617,June,2019,
India, Burlington ,2288,120.00,7,16016,1309.28,14706.72,11690,3016.72,43617,June,2019,
UK, Burlington ,2399,120.00,300,719700,9264.00,710436,96500,613936,43405,November,2018,
Brazil, Burlington ,4086,120.00,300,1225800,15240.00,1210560,158750,1051810,43800,December,2019,
UK, Mandarin ,2651,250.00,350,927850,16086.00,911764,149370,762394,43556,April,2019,
India, Mandarin ,3971,250.00,7,27797,1309.28,26487.72,11690,14797.72,43617,June,2019,
UK, Mandarin ,2512,250.00,350,879200,10668.00,868532,99060,769472,43678,August,2019,
India, Mandarin ,2745,250.00,350,960750,11816.00,948934,109720,839214,43678,August,2019,
Japan, Mandarin ,1903,250.00,300,570900,51216.00,519684,533500,-13816,43709,September,2019,
United States of America, Mandarin ,647,250.00,300,194100,19392.00,174708,202000,-27292,43435,December,2018,
Japan, Luxe ,2914,260.00,20,58280,1132.80,57147.2,7080,50067.2,43617,June,2019,
United States of America, Luxe ,1889,260.00,7,13223,1627.92,11595.08,14535,-2939.92,43617,June,2019,
India, Luxe ,1466,260.00,20,29320,2185.60,27134.4,13660,13474.4,43617,June,2019,
Brazil, Luxe ,887,260.00,300,266100,59040.00,207060,615000,-407940,43617,June,2019,
India, Luxe ,395,260.00,20,7900,2432.00,5468,15200,-9732,43770,November,2019,
India, Luxe ,1693,260.00,15,25395,853.20,24541.8,7110,17431.8,43800,December,2019,
Brazil, Luxe ,2459,260.00,12,29508,1320.00,28188,4125,24063,43435,December,2018,
Brazil, Luxe ,2649,260.00,300,794700,15240.00,779460,158750,620710,43800,December,2019,
United States of America, Mandarin ,3608,250.00,20,72160,698.40,71461.6,4365,67096.6,43647,July,2019,
Japan, Kensington ,1073,3.00,300,321900,29538.00,292362,273500,18862,43617,June,2019,
Brazil, Kensington ,1754,3.00,12,21048,396.36,20651.64,1101,19550.64,43374,October,2018,
Japan, Royal Oak ,2167,5.00,300,650100,102667.50,547432.5,950625,-403192.5,43556,April,2019,
UK, Royal Oak ,1319,5.00,350,461650,52479.00,409171,433160,-23989,43586,May,2019,
UK, Royal Oak ,1679,5.00,300,503700,8694.00,495006,80500,414506,43344,September,2018,
Japan, Royal Oak ,1252,5.00,12,15024,2506.68,12517.32,6963,5554.32,43770,November,2019,
UK, Royal Oak ,3493,5.00,125,436625,20891.25,415733.75,222840,192893.75,43405,November,2018,
Japan, Royal Oak ,1697,5.00,7,11879,1014.93,10864.07,8055,2809.07,43435,December,2018,
United States of America, Royal Oak ,1156,5.00,125,144500,31466.25,113033.75,335640,-222606.25,43800,December,2019,
India, Royal Oak ,726,5.00,300,217800,9018.00,208782,83500,125282,43435,December,2018,
Brazil, Vermont ,1153,10.00,300,345900,69255.00,276645,641250,-364605,43466,January,2019,
Brazil, Vermont ,2720,10.00,350,952000,76135.50,875864.5,628420,247444.5,43466,January,2019,
United States of America, Vermont ,3658,10.00,15,54870,4961.25,49908.75,36750,13158.75,43556,April,2019,
Japan, Vermont ,2950,10.00,300,885000,29538.00,855462,273500,581962,43617,June,2019,
UK, Vermont ,1821,10.00,15,27315,1656.45,25658.55,12270,13388.55,43739,October,2019,
Brazil, Vermont ,4174,10.00,12,50088,396.36,49691.64,1101,48590.64,43374,October,2018,
UK, Vermont ,1127,10.00,300,338100,35748.00,302352,331000,-28648,43770,November,2019,
India, Vermont ,2209,10.00,12,26508,1917.00,24591,5325,19266,43405,November,2018,
United States of America, Vermont ,862,10.00,125,107750,31466.25,76283.75,335640,-259356.25,43800,December,2019,
Brazil, Burlington ,3805,120.00,15,57075,330.75,56744.25,2450,54294.25,43586,May,2019,
Japan, Burlington ,1415,120.00,300,424500,102424.50,322075.5,948375,-626299.5,43647,July,2019,
India, Burlington ,2231,120.00,350,780850,41170.50,739679.5,339820,399859.5,43647,July,2019,
Japan, Burlington ,3649,120.00,125,456125,6378.75,449746.25,68040,381706.25,43709,September,2019,
Brazil, Burlington ,2948,120.00,125,368500,23737.50,344762.5,253200,91562.5,43709,September,2019,
Japan, Burlington ,3395,120.00,350,1188250,39973.50,1148276.5,329940,818336.5,43739,October,2019,
United States of America, Mandarin ,2650,250.00,12,31800,2112.48,29687.52,5868,23819.52,43466,January,2019,
India, Mandarin ,585,250.00,300,175500,71793.00,103707,664750,-561043,43497,February,2019,
United States of America, Mandarin ,1316,250.00,350,460600,42572.25,418027.75,351390,66637.75,43556,April,2019,
India, Mandarin ,4459,250.00,12,53508,950.40,52557.6,2640,49917.6,43586,May,2019,
United States of America, Mandarin ,2711,250.00,300,813300,50409.00,762891,466750,296141,43709,September,2019,
UK, Mandarin ,2621,250.00,12,31452,2412.72,29039.28,6702,22337.28,43344,September,2018,
UK, Mandarin ,3613,250.00,15,54195,1656.45,52538.55,12270,40268.55,43739,October,2019,
Brazil, Mandarin ,1847,250.00,125,230875,9866.25,221008.75,105240,115768.75,43770,November,2019,
United States of America, Luxe ,2996,260.00,350,1048600,65236.50,983363.5,538460,444903.5,43709,September,2019,
Japan, Luxe ,2838,260.00,350,993300,39973.50,953326.5,329940,623386.5,43739,October,2019,
India, Luxe ,1302,260.00,15,19530,1309.50,18220.5,9700,8520.5,43405,November,2018,
Brazil, Luxe ,1536,260.00,20,30720,3049.20,27670.8,16940,10730.8,43770,November,2019,
India, Kensington ,1291,3.00,20,25820,1193.40,24626.6,6630,17996.6,43586,May,2019,
Japan, Kensington ,1213,3.00,7,8491,515.97,7975.03,4095,3880.03,43647,July,2019,
India, Kensington ,2370,3.00,12,28440,1706.40,26733.6,4740,21993.6,43709,September,2019,
Brazil, Kensington ,1979,3.00,7,13853,328.23,13524.77,2605,10919.77,43800,December,2019,
United States of America, Vermont ,2879,10.00,20,57580,1751.40,55828.6,9730,46098.6,43525,March,2019,
Brazil, Vermont ,1707,10.00,20,34140,1868.40,32271.6,10380,21891.6,43617,June,2019,
India, Vermont ,2933,10.00,7,20531,226.80,20304.2,1800,18504.2,43739,October,2019,
UK, Burlington ,1014,120.00,12,12168,2124.36,10043.64,5901,4142.64,43525,March,2019,
Brazil, Burlington ,693,120.00,15,10395,3547.80,6847.2,26280,-19432.8,43556,April,2019,
India, Mandarin ,3741,250.00,7,26187,226.80,25960.2,1800,24160.2,43739,October,2019,
UK, Mandarin ,3116,250.00,20,62320,4827.60,57492.4,26820,30672.4,43405,November,2018,
Brazil, Mandarin ,3995,250.00,7,27965,328.23,27636.77,2605,25031.77,43800,December,2019,
Brazil, Luxe ,953,260.00,20,19060,1868.40,17191.6,10380,6811.6,43617,June,2019,
Japan, Luxe ,2530,260.00,15,37950,2201.18,35748.825,16305,19443.825,43647,July,2019,
UK, Luxe ,2565,260.00,12,30780,330.48,30449.52,918,29531.52,43435,December,2018,
United States of America, Kensington ,4297,3.00,12,51564,463.20,51100.8,1158,49942.8,43374,October,2018,
United States of America, Royal Oak ,2871,5.00,7,20097,1629.60,18467.4,11640,6827.4,43709,September,2019,
United States of America, Vermont ,3537,10.00,12,42444,463.20,41980.8,1158,40822.8,43374,October,2018,
United States of America, Kensington ,1598,3.00,125,199750,43068.75,156681.25,413460,-256778.75,43556,April,2019,
UK, Kensington ,2616,3.00,125,327000,18525.00,308475,177840,130635,43435,December,2018,
United States of America, Royal Oak ,2836,5.00,350,992600,80955.00,911645,601380,310265,43586,May,2019,
United States of America, Royal Oak ,4023,5.00,125,502875,22550.00,480325,216480,263845,43405,November,2018,
UK, Royal Oak ,3994,5.00,15,59910,3108.00,56802,20720,36082,43800,December,2019,
UK, Vermont ,2928,10.00,20,58560,3908.00,54652,19540,35112,43525,March,2019,
Brazil, Vermont ,2912,10.00,300,873600,17730.00,855870,147750,708120,43586,May,2019,
UK, Vermont ,3671,10.00,15,55065,3250.50,51814.5,21670,30144.5,43374,October,2018,
India, Vermont ,2778,10.00,20,55560,482.00,55078,2410,52668,43739,October,2019,
India, Burlington ,405,120.00,15,6075,1021.50,5053.5,6810,-1756.5,43466,January,2019,
India, Burlington ,2013,120.00,15,30195,765.00,29430,5100,24330,43556,April,2019,
United States of America, Burlington ,2634,120.00,15,39510,1185.00,38325,7900,30425,43586,May,2019,
UK, Burlington ,4166,120.00,350,1458100,22365.00,1435735,166140,1269595,43647,July,2019,
United States of America, Burlington ,355,120.00,125,44375,19950.00,24425,191520,-167095,43709,September,2019,
United States of America, Burlington ,2382,120.00,300,714600,68820.00,645780,573500,72280,43374,October,2018,
India, Burlington ,4170,120.00,20,83400,482.00,82918,2410,80508,43739,October,2019,
India, Burlington ,892,120.00,7,6244,1865.50,4378.5,13325,-8946.5,43770,November,2019,
Japan, Burlington ,2200,120.00,125,275000,23950.00,251050,229920,21130,43435,December,2018,
UK, Burlington ,3389,120.00,300,1016700,25590.00,991110,213250,777860,43800,December,2019,
Brazil, Mandarin ,2990,250.00,125,373750,4262.50,369487.5,40920,328567.5,43586,May,2019,
Brazil, Mandarin ,4013,250.00,15,60195,961.50,59233.5,6410,52823.5,43647,July,2019,
United States of America, Mandarin ,739,250.00,350,258650,98245.00,160405,729820,-569415,43678,August,2019,
Brazil, Mandarin ,1989,250.00,300,596700,12960.00,583740,108000,475740,43709,September,2019,
United States of America, Mandarin ,2991,250.00,300,897300,68820.00,828480,573500,254980,43374,October,2018,
UK, Mandarin ,4237,250.00,15,63555,3250.50,60304.5,21670,38634.5,43374,October,2018,
Japan, Mandarin ,1442,250.00,125,180250,31612.50,148637.5,303480,-154842.5,43770,November,2019,
India, Mandarin ,2712,250.00,350,949200,65450.00,883750,486200,397550,43435,December,2018,
United States of America, Luxe ,1508,260.00,125,188500,7237.50,181262.5,69480,111782.5,43466,January,2019,
Japan, Luxe ,4245,260.00,350,1485750,78400.00,1407350,582400,824950,43497,February,2019,
United States of America, Luxe ,2630,260.00,300,789000,89790.00,699210,748250,-49040,43525,March,2019,
Japan, Luxe ,1182,260.00,12,14184,4224.60,9959.4,10561.5,-602.1,43556,April,2019,
Brazil, Luxe ,1221,260.00,20,24420,4078.00,20342,20390,-48,43586,May,2019,
India, Luxe ,963,260.00,12,11556,3088.80,8467.2,7722,745.2,43678,August,2019,
Japan, Luxe ,3243,260.00,350,1135050,24745.00,1110305,183820,926485,43709,September,2019,
UK, Luxe ,1120,260.00,15,16800,3108.00,13692,20720,-7028,43800,December,2019,
UK, Luxe ,1174,260.00,300,352200,25590.00,326610,213250,113360,43800,December,2019,
UK, Kensington ,2541,3.00,12,30492,1581.36,28910.64,3594,25316.64,43374,October,2018,
UK, Vermont ,3246,10.00,7,22722,1949.64,20772.36,12660,8112.36,43556,April,2019,
UK, Vermont ,1531,10.00,12,18372,1581.36,16790.64,3594,13196.64,43374,October,2018,
Japan, Burlington ,2526,120.00,15,37890,633.60,37256.4,3840,33416.4,43466,January,2019,
India, Burlington ,1136,120.00,12,13632,623.04,13008.96,1416,11592.96,43739,October,2019,
United States of America, Mandarin ,1983,250.00,7,13881,1215.83,12665.17,7895,4770.17,43525,March,2019,
Brazil, Mandarin ,3259,250.00,12,39108,1326.60,37781.4,3015,34766.4,43344,September,2018,
United States of America, Luxe ,3267,260.00,15,49005,5279.18,43725.825,31995,11730.825,43647,July,2019,
India, Luxe ,2454,260.00,12,29448,623.04,28824.96,1416,27408.96,43739,October,2019,
Japan, Kensington ,2643,3.00,12,31716,2556.84,29159.16,5811,23348.16,43497,February,2019,
India, Kensington ,383,3.00,350,134050,30492.00,103558,205920,-102362,43525,March,2019,
India, Kensington ,2801,3.00,300,840300,92763.00,747537,702750,44787,43647,July,2019,
UK, Kensington ,1667,3.00,125,208375,33563.75,174811.25,292920,-118108.75,43739,October,2019,
Japan, Kensington ,3539,3.00,15,53085,2574.00,50511,15600,34911,43405,November,2018,
Brazil, Kensington ,4226,3.00,7,29582,2083.62,27498.38,13530,13968.38,43405,November,2018,
India, Royal Oak ,2220,5.00,350,777000,29491.00,747509,199160,548349,43466,January,2019,
India, Royal Oak ,776,5.00,20,15520,6582.40,8937.6,29920,-20982.4,43374,October,2018,
Brazil, Royal Oak ,553,5.00,15,8295,3559.05,4735.95,21570,-16834.05,43800,December,2019,
Japan, Vermont ,2107,10.00,300,632100,28809.00,603291,218250,385041,43466,January,2019,
Brazil, Vermont ,2468,10.00,20,49360,2468.40,46891.6,11220,35671.6,43525,March,2019,
Japan, Vermont ,1905,10.00,350,666750,81023.25,585726.75,547170,38556.75,43647,July,2019,
Japan, Vermont ,3658,10.00,12,43896,5314.32,38581.68,12078,26503.68,43647,July,2019,
UK, Vermont ,4301,10.00,12,51612,3201.66,48410.34,7276.5,41133.84,43647,July,2019,
Japan, Vermont ,2446,10.00,20,48920,5266.80,43653.2,23940,19713.2,43678,August,2019,
Brazil, Vermont ,4209,10.00,15,63135,3273.60,59861.4,19840,40021.4,43678,August,2019,
UK, Vermont ,3353,10.00,125,419125,33563.75,385561.25,292920,92641.25,43739,October,2019,
India, Vermont ,1401,10.00,20,28020,6582.40,21437.6,29920,-8482.4,43374,October,2018,
Japan, Vermont ,1865,10.00,300,559500,45078.00,514422,341500,172922,43770,November,2019,
UK, Burlington ,463,120.00,20,9260,6171.00,3089,28050,-24961,43344,September,2018,
Brazil, Burlington ,4177,120.00,15,62655,1080.75,61574.25,6550,55024.25,43344,September,2018,
Brazil, Burlington ,2523,120.00,350,883050,13244.00,869806,89440,780366,43374,October,2018,
Japan, Burlington ,1930,120.00,7,13510,1392.16,12117.84,9040,3077.84,43770,November,2019,
UK, Mandarin ,1301,250.00,12,15612,2288.88,13323.12,5202,8121.12,43466,January,2019,
Brazil, Mandarin ,4125,250.00,125,515625,7617.50,508007.5,66480,441527.5,43466,January,2019,
Japan, Mandarin ,607,250.00,20,12140,6457.00,5683,29350,-23667,43405,November,2018,
India, Luxe ,478,260.00,125,59750,43518.75,16231.25,379800,-363568.75,43466,January,2019,
Brazil, Luxe ,4489,260.00,20,89780,5783.80,83996.2,26290,57706.2,43466,January,2019,
UK, Luxe ,1504,260.00,125,188000,19703.75,168296.25,171960,-3663.75,43586,May,2019,
Brazil, Luxe ,3763,260.00,125,470375,13021.25,457353.75,113640,343713.75,43344,September,2018,
Brazil, Luxe ,2412,260.00,350,844200,13244.00,830956,89440,741516,43374,October,2018,
Brazil, Luxe ,2342,260.00,15,35130,3559.05,31570.95,21570,10000.95,43800,December,2019,
United States of America, Vermont ,4451,10.00,7,31157,292.60,30864.4,1900,28964.4,43344,September,2018,
Brazil, Kensington ,3796,3.00,350,1328600,37212.00,1291388,230360,1061028,43617,June,2019,
Japan, Kensington ,2286,3.00,125,285750,36240.00,249510,289920,-40410,43344,September,2018,
Brazil, Kensington ,3614,3.00,125,451750,32340.00,419410,258720,160690,43739,October,2019,
Japan, Kensington ,1716,3.00,15,25740,4840.20,20899.8,26890,-5990.2,43770,November,2019,
United States of America, Royal Oak ,1301,5.00,15,19515,1218.60,18296.4,6770,11526.4,43525,March,2019,
UK, Royal Oak ,4175,5.00,300,1252500,63828.00,1188672,443250,745422,43556,April,2019,
Brazil, Royal Oak ,975,5.00,7,6825,2032.80,4792.2,12100,-7307.8,43709,September,2019,
Japan, Royal Oak ,1154,5.00,7,8078,2296.56,5781.44,13670,-7888.56,43739,October,2019,
Brazil, Royal Oak ,1873,5.00,20,37460,4116.00,33344,17150,16194,43374,October,2018,
UK, Royal Oak ,3766,5.00,300,1129800,42696.00,1087104,296500,790604,43435,December,2018,
United States of America, Vermont ,3558,10.00,300,1067400,125820.00,941580,873750,67830,43466,January,2019,
Brazil, Vermont ,3156,10.00,350,1104600,37212.00,1067388,230360,837028,43617,June,2019,
Brazil, Vermont ,2994,10.00,125,374250,32340.00,341910,258720,83190,43739,October,2019,
Brazil, Vermont ,2087,10.00,20,41740,2172.00,39568,9050,30518,43739,October,2019,
Brazil, Vermont ,1056,10.00,20,21120,4116.00,17004,17150,-146,43374,October,2018,
UK, Vermont ,1353,10.00,350,473550,66948.00,406602,414440,-7838,43770,November,2019,
India, Vermont ,416,10.00,300,124800,48924.00,75876,339750,-263874,43770,November,2019,
Brazil, Vermont ,3880,10.00,300,1164000,77400.00,1086600,537500,549100,43770,November,2019,
Brazil, Vermont ,809,10.00,350,283150,50274.00,232876,311220,-78344,43770,November,2019,
Brazil, Vermont ,1892,10.00,15,28380,684.00,27696,3800,23896,43435,December,2018,
Brazil, Vermont ,2072,10.00,20,41440,2959.20,38480.8,12330,26150.8,43800,December,2019,
Brazil, Burlington ,3052,120.00,350,1068200,58590.00,1009610,362700,646910,43647,July,2019,
United States of America, Burlington ,3121,120.00,350,1092350,41412.00,1050938,256360,794578,43739,October,2019,
Brazil, Burlington ,2059,120.00,20,41180,2172.00,39008,9050,29958,43739,October,2019,
Japan, Mandarin ,4254,250.00,12,51048,3036.96,48011.04,6327,41684.04,43586,May,2019,
UK, Mandarin ,1293,250.00,15,19395,6974.10,12420.9,38745,-26324.1,43647,July,2019,
Japan, Mandarin ,1293,250.00,350,452550,26166.00,426384,161980,264404,43344,September,2018,
United States of America, Mandarin ,230,250.00,350,80500,41412.00,39088,256360,-217272,43739,October,2019,
United States of America, Mandarin ,1723,250.00,125,215375,35805.00,179570,286440,-106870,43770,November,2019,
Brazil, Mandarin ,240,250.00,20,4800,2959.20,1840.8,12330,-10489.2,43800,December,2019,
United States of America, Luxe ,2571,260.00,350,899850,11340.00,888510,70200,818310,43497,February,2019,
UK, Luxe ,1661,260.00,7,11627,2874.06,8752.94,17107.5,-8354.56,43647,July,2019,
Japan, Luxe ,4474,260.00,7,31318,2296.56,29021.44,13670,15351.44,43739,October,2019,
United States of America, Luxe ,833,260.00,15,12495,4586.40,7908.6,25480,-17571.4,43405,November,2018,
UK, Kensington ,674,3.00,20,13480,6051.60,7428.4,25215,-17786.6,43466,January,2019,
Brazil, Royal Oak ,778,5.00,12,9336,3831.84,5504.16,7983,-2478.84,43586,May,2019,
India, Vermont ,1457,10.00,20,29140,3674.40,25465.6,15310,10155.6,43800,December,2019,
UK, Mandarin ,3158,250.00,7,22106,1252.44,20853.56,7455,13398.56,43525,March,2019,
India, Mandarin ,4095,250.00,20,81900,3674.40,78225.6,15310,62915.6,43800,December,2019,
Japan, Luxe ,3170,260.00,12,38040,3975.84,34064.16,8283,25781.16,43344,September,2018,
United States of America, Kensington ,493,3.00,15,7395,5005.65,2389.35,25670,-23280.65,43617,June,2019,
United States of America, Mandarin ,3286,250.00,15,49290,5005.65,44284.35,25670,18614.35,43617,June,2019,
Japan, Kensington ,3563,3.00,350,1247050,41996.50,1205053.5,239980,965073.5,43525,March,2019,
UK, Kensington ,4109,3.00,350,1438150,81445.00,1356705,465400,891305,43525,March,2019,
India, Kensington ,3653,3.00,20,73060,1149.20,71910.8,4420,67490.8,43344,September,2018,
United States of America, Royal Oak ,2203,5.00,350,771050,44703.75,726346.25,255450,470896.25,43466,January,2019,
United States of America, Royal Oak ,2924,5.00,7,20468,1181.18,19286.82,6490,12796.82,43497,February,2019,
Brazil, Royal Oak ,2650,5.00,12,31800,942.24,30857.76,1812,29045.76,43617,June,2019,
Brazil, Royal Oak ,1194,5.00,20,23880,5863.00,18017,22550,-4533,43647,July,2019,
Japan, Royal Oak ,3366,5.00,20,67320,3247.40,64072.6,12490,51582.6,43739,October,2019,
United States of America, Vermont ,1325,10.00,7,9275,1309.04,7965.965,7192.5,773.465,43466,January,2019,
India, Vermont ,4243,10.00,300,1272900,31473.00,1241427,201750,1039677,43466,January,2019,
United States of America, Vermont ,2887,10.00,20,57740,6866.60,50873.4,26410,24463.4,43497,February,2019,
India, Vermont ,3839,10.00,20,76780,7040.80,69739.2,27080,42659.2,43497,February,2019,
Japan, Vermont ,1863,10.00,350,652050,119756.00,532294,684320,-152026,43617,June,2019,
Japan, Vermont ,2858,10.00,125,357250,25723.75,331526.25,189960,141566.25,43617,June,2019,
Brazil, Vermont ,2868,10.00,12,34416,890.76,33525.24,1713,31812.24,43647,July,2019,
UK, Vermont ,3805,10.00,7,26635,2453.36,24181.64,13480,10701.64,43678,August,2019,
Japan, Vermont ,3914,10.00,15,58710,3051.75,55658.25,15650,40008.25,43739,October,2019,
Japan, Vermont ,524,10.00,20,10480,3247.40,7232.6,12490,-5257.4,43739,October,2019,
India, Vermont ,3095,10.00,350,1083250,16243.50,1067006.5,92820,974186.5,43770,November,2019,
India, Vermont ,2410,10.00,12,28920,1580.28,27339.72,3039,24300.72,43800,December,2019,
UK, Burlington ,4263,120.00,15,63945,7795.13,56149.875,39975,16174.875,43466,January,2019,
Japan, Burlington ,2239,120.00,350,783650,119756.00,663894,684320,-20426,43617,June,2019,
UK, Burlington ,569,120.00,7,3983,1082.90,2900.1,5950,-3049.9,43617,June,2019,
Brazil, Burlington ,3889,120.00,12,46668,942.24,45725.76,1812,43913.76,43617,June,2019,
India, Burlington ,1378,120.00,15,20670,1287.00,19383,6600,12783,43344,September,2018,
Brazil, Burlington ,2253,120.00,12,27036,639.60,26396.4,1230,25166.4,43739,October,2019,
Brazil, Burlington ,3202,120.00,300,960600,101595.00,859005,651250,207755,43405,November,2018,
India, Burlington ,3835,120.00,12,46020,1580.28,44439.72,3039,41400.72,43800,December,2019,
Japan, Mandarin ,2487,250.00,125,310875,25723.75,285151.25,189960,95191.25,43617,June,2019,
Japan, Mandarin ,4428,250.00,15,66420,3051.75,63368.25,15650,47718.25,43739,October,2019,
Japan, Luxe ,1200,260.00,125,150000,26958.75,123041.25,199080,-76038.75,43466,January,2019,
UK, Luxe ,2953,260.00,7,20671,1082.90,19588.1,5950,13638.1,43617,June,2019,
Brazil, Luxe ,1453,260.00,12,17436,639.60,16796.4,1230,15566.4,43739,October,2019,
India, Luxe ,865,260.00,12,10380,2761.20,7618.8,5310,2308.8,43435,December,2018,
Brazil, Kensington ,1072,3.00,20,21440,7221.20,14218.8,25790,-11571.2,43556,April,2019,
United States of America, Kensington ,1737,3.00,20,34740,4880.40,29859.6,17430,12429.6,43586,May,2019,
United States of America, Kensington ,1535,3.00,7,10745,2936.08,7808.92,14980,-7171.08,43374,October,2018,
India, Kensington ,2532,3.00,7,17724,274.40,17449.6,1400,16049.6,43800,December,2019,
UK, Royal Oak ,1765,5.00,7,12355,287.14,12067.86,1465,10602.86,43497,February,2019,
United States of America, Royal Oak ,1567,5.00,7,10969,2936.08,8032.92,14980,-6947.08,43374,October,2018,
India, Vermont ,2640,10.00,15,39600,583.80,39016.2,2780,36236.2,43497,February,2019,
Japan, Vermont ,3079,10.00,20,61580,6798.40,54781.6,24280,30501.6,43525,March,2019,
United States of America, Vermont ,4130,10.00,15,61950,3710.70,58239.3,17670,40569.3,43709,September,2019,
UK, Vermont ,2938,10.00,12,35256,2340.24,32915.76,4179,28736.76,43739,October,2019,
India, Mandarin ,3080,250.00,7,21560,274.40,21285.6,1400,19885.6,43800,December,2019,
UK, Luxe ,1530,260.00,12,18360,2340.24,16019.76,4179,11840.76,43739,October,2019,
United States of America, Luxe ,3537,260.00,12,42444,3385.20,39058.8,6045,33013.8,43435,December,2018,
Brazil, Kensington ,2021,3.00,300,606300,33642.00,572658,200250,372408,43647,July,2019,
UK, Kensington ,1804,3.00,125,225500,17902.50,207597.5,122760,84837.5,43344,September,2018,
Japan, Kensington ,1014,3.00,300,304200,62832.00,241368,374000,-132632,43739,October,2019,
United States of America, Kensington ,2913,3.00,300,873900,42420.00,831480,252500,578980,43739,October,2019,
India, Kensington ,763,3.00,15,11445,3177.30,8267.7,15130,-6862.3,43770,November,2019,
Japan, Kensington ,1425,3.00,15,21375,4830.00,16545,23000,-6455,43800,December,2019,
Brazil, Kensington ,4357,3.00,125,544625,49367.50,495257.5,338520,156737.5,43435,December,2018,
Japan, Royal Oak ,2138,5.00,350,748300,109147.50,639152.5,579150,60002.5,43466,January,2019,
India, Royal Oak ,3825,5.00,350,1338750,58751.00,1279999,311740,968259,43556,April,2019,
Japan, Royal Oak ,3393,5.00,350,1187550,9800.00,1177750,52000,1125750,43586,May,2019,
Japan, Royal Oak ,2215,5.00,7,15505,380.24,15124.76,1940,13184.76,43709,September,2019,
Brazil, Royal Oak ,2278,5.00,7,15946,1692.46,14253.54,8635,5618.54,43374,October,2018,
Japan, Royal Oak ,403,5.00,15,6045,4830.00,1215,23000,-21785,43800,December,2019,
Brazil, Vermont ,289,10.00,20,5780,728.00,5052,2600,2452,43497,February,2019,
Japan, Vermont ,749,10.00,15,11235,5187.00,6048,24700,-18652,43344,September,2018,
Japan, Vermont ,372,10.00,15,5580,3660.30,1919.7,17430,-15510.3,43374,October,2018,
United States of America, Vermont ,3781,10.00,12,45372,4895.52,40476.48,8742,31734.48,43739,October,2019,
UK, Vermont ,1785,10.00,7,12495,1696.38,10798.62,8655,2143.62,43739,October,2019,
Japan, Vermont ,4029,10.00,350,1410150,34300.00,1375850,182000,1193850,43770,November,2019,
Japan, Vermont ,2813,10.00,12,33756,3732.96,30023.04,6666,23357.04,43405,November,2018,
United States of America, Vermont ,2150,10.00,350,752500,57673.00,694827,306020,388807,43770,November,2019,
UK, Vermont ,2093,10.00,350,732550,94178.00,638372,499720,138652,43405,November,2018,
Brazil, Burlington ,4391,120.00,125,548875,27562.50,521312.5,189000,332312.5,43497,February,2019,
United States of America, Burlington ,2695,120.00,20,53900,1696.80,52203.2,6060,46143.2,43556,April,2019,
United States of America, Burlington ,1337,120.00,300,401100,103320.00,297780,615000,-317220,43647,July,2019,
Japan, Burlington ,2621,120.00,300,786300,11298.00,775002,67250,707752,43374,October,2018,
India, Burlington ,3735,120.00,300,1120500,106512.00,1013988,634000,379988,43405,November,2018,
Brazil, Mandarin ,4320,250.00,7,30240,2844.94,27395.06,14515,12880.06,43525,March,2019,
United States of America, Mandarin ,2828,250.00,300,848400,106722.00,741678,635250,106428,43678,August,2019,
Japan, Mandarin ,2586,250.00,300,775800,11298.00,764502,67250,697252,43374,October,2018,
Japan, Mandarin ,1248,250.00,300,374400,62832.00,311568,374000,-62432,43739,October,2019,
United States of America, Mandarin ,4035,250.00,300,1210500,42420.00,1168080,252500,915580,43739,October,2019,
UK, Mandarin ,359,250.00,350,125650,62769.00,62881,333060,-270179,43435,December,2018,
Japan, Luxe ,3926,260.00,300,1177800,37296.00,1140504,222000,918504,43525,March,2019,
United States of America, Luxe ,4247,260.00,125,530875,49770.00,481105,341280,139825,43586,May,2019,
UK, Luxe ,2695,260.00,12,32340,4158.00,28182,7425,20757,43678,August,2019,
Japan, Luxe ,1104,260.00,15,16560,3660.30,12899.7,17430,-4530.3,43374,October,2018,
United States of America, Luxe ,1449,260.00,12,17388,4895.52,12492.48,8742,3750.48,43739,October,2019,
UK, Luxe ,1131,260.00,7,7917,1696.38,6220.62,8655,-2434.38,43739,October,2019,
Brazil, Luxe ,1468,260.00,7,10276,1692.46,8583.54,8635,-51.46,43374,October,2018,
Brazil, Luxe ,1272,260.00,15,19080,3927.00,15153,18700,-3547,43405,November,2018,
UK, Kensington ,1403,3.00,125,175375,22012.50,153362.5,140880,12482.5,43678,August,2019,
India, Kensington ,2161,3.00,125,270125,51881.25,218243.75,332040,-113796.25,43678,August,2019,
India, Kensington ,1937,3.00,125,242125,20343.75,221781.25,130200,91581.25,43739,October,2019,
Brazil, Royal Oak ,2879,5.00,300,863700,24570.00,839130,136500,702630,43739,October,2019,
India, Vermont ,1330,10.00,20,26600,3474.00,23126,11580,11546,43525,March,2019,
Japan, Vermont ,2426,10.00,15,36390,3631.50,32758.5,16140,16618.5,43556,April,2019,
Brazil, Vermont ,2033,10.00,7,14231,2661.75,11569.25,12675,-1105.75,43556,April,2019,
Brazil, Vermont ,2029,10.00,350,710150,149677.50,560472.5,741260,-180787.5,43586,May,2019,
Japan, Vermont ,1049,10.00,15,15735,5757.75,9977.25,25590,-15612.75,43678,August,2019,
United States of America, Vermont ,1062,10.00,20,21240,801.00,20439,2670,17769,43374,October,2018,
India, Vermont ,2509,10.00,125,313625,20343.75,293281.25,130200,163081.25,43739,October,2019,
India, Vermont ,1743,10.00,15,26145,2643.75,23501.25,11750,11751.25,43739,October,2019,
United States of America, Vermont ,3418,10.00,350,1196300,105367.50,1090932.5,521820,569112.5,43405,November,2018,
Brazil, Vermont ,1751,10.00,350,612850,112927.50,499922.5,559260,-59337.5,43405,November,2018,
United States of America, Vermont ,3228,10.00,12,38736,1645.20,37090.8,2742,34348.8,43800,December,2019,
UK, Vermont ,1105,10.00,20,22100,879.00,21221,2930,18291,43800,December,2019,
Brazil, Burlington ,2778,120.00,12,33336,900.00,32436,1500,30936,43525,March,2019,
UK, Burlington ,1173,120.00,15,17595,6358.50,11236.5,28260,-17023.5,43586,May,2019,
UK, Burlington ,3160,120.00,125,395000,12431.25,382568.75,79560,303008.75,43709,September,2019,
United States of America, Burlington ,4322,120.00,300,1296600,115830.00,1180770,643500,537270,43405,November,2018,
United States of America, Burlington ,1901,120.00,125,237625,45712.50,191912.5,292560,-100647.5,43435,December,2018,
United States of America, Burlington ,2980,120.00,12,35760,1645.20,34114.8,2742,31372.8,43800,December,2019,
Japan, Mandarin ,4068,250.00,20,81360,2596.50,78763.5,8655,70108.5,43647,July,2019,
India, Mandarin ,2105,250.00,15,31575,1107.00,30468,4920,25548,43647,July,2019,
United States of America, Mandarin ,1647,250.00,20,32940,801.00,32139,2670,29469,43374,October,2018,
India, Mandarin ,235,250.00,15,3525,2643.75,881.25,11750,-10868.75,43739,October,2019,
Japan, Mandarin ,3617,250.00,125,452125,55387.50,396737.5,354480,42257.5,43405,November,2018,
India, Mandarin ,2106,250.00,125,263250,10350.00,252900,66240,186660,43770,November,2019,
UK, Mandarin ,2351,250.00,20,47020,879.00,46141,2930,43211,43800,December,2019,
UK, Luxe ,1897,260.00,300,569100,111375.00,457725,618750,-161025,43525,March,2019,
Brazil, Luxe ,647,260.00,300,194100,24570.00,169530,136500,33030,43739,October,2019,
Brazil, Royal Oak ,3621,5.00,7,25347,1436.40,23910.6,6840,17070.6,43497,February,2019,
Japan, Vermont ,3221,10.00,7,22547,759.15,21787.85,3615,18172.85,43556,April,2019,
United States of America, Mandarin ,493,250.00,12,5916,3250.80,2665.2,5418,-2752.8,43586,May,2019,
